sku_id,sku_name,last_3_days,forecast_demand,formula
SKU-101,Fresh Whole Milk (1L),"[24, 26, 26]",25.33,(24 + 26 + 26) / 3 = 25.33
SKU-102,Whole Wheat Bread (400g),"[17, 19, 18]",18.00,(17 + 19 + 18) / 3 = 18.00
SKU-103,Farm Fresh Eggs (Pack of 12),"[21, 23, 22]",22.00,(21 + 23 + 22) / 3 = 22.00
SKU-104,Refined Sunflower Oil (1L),"[11, 13, 12]",12.00,(11 + 13 + 12) / 3 = 12.00
SKU-105,Pure Cane Sugar (1kg),"[14, 16, 15]",15.00,(14 + 16 + 15) / 3 = 15.00
SKU-106,Royal Basmati Rice (5kg),"[7, 9, 8]",8.00,(7 + 9 + 8) / 3 = 8.00
SKU-107,Whole Wheat Atta (5kg),"[9, 11, 10]",10.00,(9 + 11 + 10) / 3 = 10.00
SKU-108,Premium CTC Tea (500g),"[5, 7, 6]",6.00,(5 + 7 + 6) / 3 = 6.00
SKU-109,Refined Iodized Salt (1kg),"[13, 15, 14]",14.00,(13 + 15 + 14) / 3 = 14.00
SKU-110,Moisturizing Bath Soap (Pack of 4),"[6, 8, 7]",7.00,(6 + 8 + 7) / 3 = 7.00
SKU-111,Crunchy Butter Biscuits (200g),"[15, 17, 16]",16.00,(15 + 17 + 16) / 3 = 16.00
SKU-112,Organic Toor Dal (1kg),"[8, 10, 9]",9.00,(8 + 10 + 9) / 3 = 9.00
SKU-113,Dark,"[3, 7, 6]",5.33,(3 + 7 + 6) / 3 = 5.33
