sku_id,sku_name,d1,d2,d3,d4,d5,d6,d7,d8,d9,d10,d11,d12,d13,d14,d15,d16,d17,d18,d19,d20,d21,d22,d23,d24,d25,d26,d27,d28,d29,d30
SKU-101,Fresh Whole Milk (1L),20,22,25,21,24,28,30,22,23,24,25,27,29,31,23,24,26,25,28,32,30,24,25,26,27,29,32,24,26,26
SKU-102,Whole Wheat Bread (400g),15,16,18,17,19,22,24,16,17,18,19,20,23,25,17,18,19,18,21,24,23,17,18,19,20,22,25,17,19,18
SKU-103,Farm Fresh Eggs (Pack of 12),18,20,21,19,22,26,28,19,20,22,23,24,27,29,20,21,23,22,25,28,27,21,22,23,24,26,29,21,23,22
SKU-104,Refined Sunflower Oil (1L),10,11,13,10,12,15,16,11,12,12,13,14,16,18,12,13,14,13,15,17,16,12,13,13,14,15,18,11,13,12
SKU-105,Pure Cane Sugar (1kg),12,14,15,13,15,18,19,14,15,15,16,17,19,21,15,16,17,16,18,20,19,14,15,16,17,18,21,14,16,15
SKU-106,Royal Basmati Rice (5kg),6,7,8,6,7,10,11,7,8,8,8,9,10,12,8,8,9,8,10,11,10,7,8,8,9,10,12,7,9,8
SKU-107,Whole Wheat Atta (5kg),8,9,10,8,9,12,14,9,10,10,10,11,13,15,10,10,11,10,12,14,13,9,10,10,11,12,15,9,11,10
SKU-108,Premium CTC Tea (500g),5,6,7,5,6,8,9,6,6,7,7,7,8,10,6,7,7,6,8,9,8,6,6,7,7,8,10,5,7,6
SKU-109,Refined Iodized Salt (1kg),11,12,14,12,13,16,17,13,13,14,14,15,17,19,13,14,15,14,16,18,17,13,14,14,15,16,19,13,15,14
SKU-110,Moisturizing Bath Soap (Pack of 4),5,6,7,6,6,8,10,6,7,7,7,8,9,11,7,7,8,7,8,10,9,6,7,7,8,9,11,6,8,7
SKU-111,Crunchy Butter Biscuits (200g),13,14,16,14,16,19,21,15,15,16,17,18,20,22,16,17,18,17,19,22,21,15,16,17,18,20,23,15,17,16
SKU-112,Organic Toor Dal (1kg),7,8,9,7,8,11,12,8,9,9,9,10,11,13,9,9,10,9,11,12,11,8,9,9,10,11,13,8,10,9
SKU-113,Dark,4,6,8,6,6,8,8,5,7,7,7,2,2,4,3,2,3,6,2,5,5,8,7,7,3,2,2,3,7,6
